-- phpMyAdmin SQL Dump
-- version 5.2.1
-- https://www.phpmyadmin.net/
--
-- Host: 127.0.0.1
-- Generation Time: Apr 07, 2025 at 05:48 PM
-- Server version: 10.4.32-MariaDB
-- PHP Version: 8.2.12

SET SQL_MODE = "NO_AUTO_VALUE_ON_ZERO";
START TRANSACTION;
SET time_zone = "+00:00";


/*!40101 SET @OLD_CHARACTER_SET_CLIENT=@@CHARACTER_SET_CLIENT */;
/*!40101 SET @OLD_CHARACTER_SET_RESULTS=@@CHARACTER_SET_RESULTS */;
/*!40101 SET @OLD_COLLATION_CONNECTION=@@COLLATION_CONNECTION */;
/*!40101 SET NAMES utf8mb4 */;

--
-- Database: `attendance4`
--

-- --------------------------------------------------------

--
-- Table structure for table `tbladmin`
--

CREATE TABLE `tbladmin` (
  `Id` int(10) NOT NULL,
  `firstName` varchar(50) NOT NULL,
  `lastName` varchar(50) NOT NULL,
  `emailAddress` varchar(50) NOT NULL,
  `password` varchar(50) NOT NULL
) ENGINE=InnoDB DEFAULT CHARSET=latin1 COLLATE=latin1_swedish_ci;

--
-- Dumping data for table `tbladmin`
--

INSERT INTO `tbladmin` (`Id`, `firstName`, `lastName`, `emailAddress`, `password`) VALUES
(1, 'Admin', '', 'admin@mail.com', 'D00F5D5217896FB7FD601412CB890830');

-- --------------------------------------------------------

--
-- Table structure for table `tblattendance`
--

CREATE TABLE `tblattendance` (
  `Id` int(10) NOT NULL,
  `admissionNo` varchar(255) NOT NULL,
  `classId` varchar(10) NOT NULL,
  `classArmId` varchar(10) NOT NULL,
  `sessionId` varchar(10) NOT NULL,
  `schoolId` varchar(10) NOT NULL,
  `status` varchar(10) NOT NULL,
  `dateTimeTaken` varchar(20) NOT NULL
) ENGINE=InnoDB DEFAULT CHARSET=latin1 COLLATE=latin1_swedish_ci;

--
-- Dumping data for table `tblattendance`
--

INSERT INTO `tblattendance` (`Id`, `admissionNo`, `classId`, `classArmId`, `sessionId`, `schoolId`, `status`, `dateTimeTaken`) VALUES
(162, 'ASDFLKJ', '1', '2', '1', '1', '1', '2020-11-01'),
(163, 'HSKSDD', '1', '2', '1', '1', '1', '2020-11-01'),
(164, 'JSLDKJ', '1', '2', '1', '1', '1', '2020-11-01'),
(170, 'JSFSKDJ', '1', '4', '1', '1', '1', '2020-11-01'),
(171, 'JKADA', '1', '4', '1', '1', '0', '2020-11-01'),
(172, 'HSKDS9EE', '1', '4', '1', '1', '1', '2020-11-01'),
(173, 'ASDFLKJ', '1', '2', '1', '1', '1', '2020-11-19'),
(174, 'HSKSDD', '1', '2', '1', '1', '1', '2020-11-19'),
(175, 'JSLDKJ', '1', '2', '1', '1', '1', '2020-11-19'),
(176, 'JSFSKDJ', '1', '4', '1', '0', '0', '2021-07-15'),
(177, 'JKADA', '1', '4', '1', '0', '0', '2021-07-15'),
(178, 'HSKDS9EE', '1', '4', '1', '0', '0', '2021-07-15'),
(179, 'ASDFLKJ', '1', '2', '1', '0', '0', '2021-09-27'),
(180, 'HSKSDD', '1', '2', '1', '1', '1', '2021-09-27'),
(181, 'JSLDKJ', '1', '2', '1', '1', '1', '2021-09-27'),
(182, 'ASDFLKJ', '1', '2', '1', '0', '0', '2021-10-06'),
(183, 'HSKSDD', '1', '2', '1', '0', '0', '2021-10-06'),
(184, 'JSLDKJ', '1', '2', '1', '1', '1', '2021-10-06'),
(185, 'ASDFLKJ', '1', '2', '1', '0', '0', '2021-10-07'),
(186, 'HSKSDD', '1', '2', '1', '0', '0', '2021-10-07'),
(187, 'JSLDKJ', '1', '2', '1', '0', '0', '2021-10-07'),
(188, 'AMS110', '4', '6', '1', '1', '1', '2021-10-07'),
(189, 'AMS133', '4', '6', '1', '0', '0', '2021-10-07'),
(190, 'AMS135', '4', '6', '1', '0', '0', '2021-10-07'),
(191, 'AMS144', '4', '6', '1', '1', '1', '2021-10-07'),
(192, 'AMS148', '4', '6', '1', '0', '0', '2021-10-07'),
(193, 'AMS151', '4', '6', '1', '1', '1', '2021-10-07'),
(194, 'AMS159', '4', '6', '1', '1', '1', '2021-10-07'),
(195, 'AMS161', '4', '6', '1', '1', '1', '2021-10-07'),
(196, 'AMS110', '4', '6', '1', '1', '1', '2022-06-06'),
(197, 'AMS133', '4', '6', '1', '0', '0', '2022-06-06'),
(198, 'AMS135', '4', '6', '1', '0', '0', '2022-06-06'),
(199, 'AMS144', '4', '6', '1', '1', '1', '2022-06-06'),
(200, 'AMS148', '4', '6', '1', '0', '0', '2022-06-06'),
(201, 'AMS151', '4', '6', '1', '1', '1', '2022-06-06'),
(202, 'AMS159', '4', '6', '1', '1', '1', '2022-06-06'),
(203, 'AMS161', '4', '6', '1', '1', '1', '2022-06-06'),
(204, '74783r2r32', '5', '8', '1', '', '1', '2025-04-07');

-- --------------------------------------------------------

--
-- Table structure for table `tblclass`
--

CREATE TABLE `tblclass` (
  `Id` int(10) NOT NULL,
  `className` varchar(255) NOT NULL
) ENGINE=InnoDB DEFAULT CHARSET=latin1 COLLATE=latin1_swedish_ci;

--
-- Dumping data for table `tblclass`
--

INSERT INTO `tblclass` (`Id`, `className`) VALUES
(5, 'Level 100');

-- --------------------------------------------------------

--
-- Table structure for table `tblclassarms`
--

CREATE TABLE `tblclassarms` (
  `Id` int(10) NOT NULL,
  `classId` varchar(10) NOT NULL,
  `classArmName` varchar(255) NOT NULL,
  `isAssigned` varchar(10) NOT NULL
) ENGINE=InnoDB DEFAULT CHARSET=latin1 COLLATE=latin1_swedish_ci;

--
-- Dumping data for table `tblclassarms`
--

INSERT INTO `tblclassarms` (`Id`, `classId`, `classArmName`, `isAssigned`) VALUES
(2, '1', 'S1', '1'),
(4, '1', 'S2', '1'),
(5, '3', 'E1', '1'),
(6, '4', 'N1', '1'),
(10, '5', 'General', '0');

-- --------------------------------------------------------

--
-- Table structure for table `tblcourselecturers`
--

CREATE TABLE `tblcourselecturers` (
  `Id` int(10) NOT NULL,
  `courseId` int(10) NOT NULL,
  `lecturerId` int(10) NOT NULL,
  `dateAssigned` date NOT NULL
) ENGINE=InnoDB DEFAULT CHARSET=latin1 COLLATE=latin1_swedish_ci;

--
-- Dumping data for table `tblcourselecturers`
--

INSERT INTO `tblcourselecturers` (`Id`, `courseId`, `lecturerId`, `dateAssigned`) VALUES
(1, 1, 1, '2025-04-07'),
(2, 2, 1, '2025-04-07'),
(3, 3, 1, '2025-04-07'),
(4, 4, 5, '2025-04-07');

-- --------------------------------------------------------

--
-- Table structure for table `tblcourses`
--

CREATE TABLE `tblcourses` (
  `Id` int(10) NOT NULL,
  `courseCode` varchar(50) NOT NULL,
  `courseName` varchar(255) NOT NULL,
  `classId` int(10) NOT NULL,
  `classArmId` int(10) NOT NULL,
  `dateCreated` date NOT NULL
) ENGINE=InnoDB DEFAULT CHARSET=latin1 COLLATE=latin1_swedish_ci;

--
-- Dumping data for table `tblcourses`
--

INSERT INTO `tblcourses` (`Id`, `courseCode`, `courseName`, `classId`, `classArmId`, `dateCreated`) VALUES
(1, 'HCRC2312', 'Ghanaian Culture and the Family', 5, 10, '2025-04-07'),
(2, 'HCRC2312', 'Ghanaian Culture and the Family', 5, 10, '2025-04-07'),
(3, 'HCRC2312', 'Ghanaian Culture and the Family', 5, 10, '2025-04-07'),
(4, 'HCRC2312', 'Ghanaian Culture and the Family', 5, 10, '2025-04-07');

-- --------------------------------------------------------

--
-- Table structure for table `tblmoderator`
--

CREATE TABLE `tblmoderator` (
  `Id` int(10) NOT NULL,
  `firstName` varchar(255) NOT NULL,
  `lastName` varchar(255) NOT NULL,
  `emailAddress` varchar(255) NOT NULL,
  `password` varchar(255) NOT NULL,
  `phoneNo` varchar(50) NOT NULL,
  `dateCreated` varchar(50) NOT NULL
) ENGINE=InnoDB DEFAULT CHARSET=latin1 COLLATE=latin1_swedish_ci;

--
-- Dumping data for table `tblmoderator`
--

INSERT INTO `tblmoderator` (`Id`, `firstName`, `lastName`, `emailAddress`, `password`, `phoneNo`, `dateCreated`) VALUES
(1, 'Will', 'Kibagendi', 'teacher2@mail.com', '32250170a0dca92d53ec9624f336ca24', '09089898999', '2022-10-31'),
(4, 'Demola', 'Ade', 'teacher3@gmail.com', '32250170a0dca92d53ec9624f336ca24', '09672002882', '2022-11-01'),
(5, 'Ryan', 'Mbeche', 'teacher4@mail.com', '32250170a0dca92d53ec9624f336ca24', '7014560000', '2022-10-07'),
(6, 'John', 'Keroche', 'teacher@mail.com', '32250170a0dca92d53ec9624f336ca24', '0100000030', '2022-10-07'),
(7, 'mashe', 'net', 'mash7net@proton.me', '32250170a0dca92d53ec9624f336ca24', '0599719949', '2025-04-07'),
(8, 'mashe', 'net', 'mash7net@proton.me', '32250170a0dca92d53ec9624f336ca24', '0599719949', '2025-04-07'),
(10, '', '', '', '', '', ''),
(11, '', '', '', '', '', ''),
(12, '', '', '', '', '', ''),
(13, '', '', '', '', '', ''),
(14, '', '', '', '', '', ''),
(15, '', '', '', '', '', ''),
(16, '', '', '', '', '', ''),
(17, '', '', '', '', '', ''),
(18, '', '', '', '', '', ''),
(19, '', '', '', '', '', ''),
(20, '', '', '', '', '', ''),
(21, '', '', '', '', '', '');

-- --------------------------------------------------------

--
-- Table structure for table `tblschool`
--

CREATE TABLE `tblschool` (
  `Id` int(10) NOT NULL,
  `schoolName` varchar(255) NOT NULL,
  `dateCreated` varchar(50) NOT NULL
) ENGINE=InnoDB DEFAULT CHARSET=latin1 COLLATE=latin1_swedish_ci;

--
-- Dumping data for table `tblschool`
--

INSERT INTO `tblschool` (`Id`, `schoolName`, `dateCreated`) VALUES
(1, 'Weekday', '2022-10-31'),
(2, 'Weekend', '2022-10-31');

-- --------------------------------------------------------

--
-- Table structure for table `tblsemester`
--

CREATE TABLE `tblsemester` (
  `Id` int(10) NOT NULL,
  `semesterName` varchar(50) NOT NULL,
  `isActive` varchar(10) NOT NULL
) ENGINE=InnoDB DEFAULT CHARSET=latin1 COLLATE=latin1_swedish_ci;

--
-- Dumping data for table `tblsemester`
--

INSERT INTO `tblsemester` (`Id`, `semesterName`, `isActive`) VALUES
(1, 'First', '1'),
(3, 'Second', '0');

-- --------------------------------------------------------

--
-- Table structure for table `tblsession`
--

CREATE TABLE `tblsession` (
  `Id` int(10) NOT NULL,
  `sessionName` varchar(50) NOT NULL,
  `semesterID` varchar(50) NOT NULL,
  `dateCreated` varchar(50) NOT NULL
) ENGINE=InnoDB DEFAULT CHARSET=latin1 COLLATE=latin1_swedish_ci;

--
-- Dumping data for table `tblsession`
--

INSERT INTO `tblsession` (`Id`, `sessionName`, `semesterID`, `dateCreated`) VALUES
(1, '2021/2022', '1', '2022-10-31'),
(3, '2021/2022', '2', '2022-10-31');

-- --------------------------------------------------------

--
-- Table structure for table `tblstudents`
--

CREATE TABLE `tblstudents` (
  `Id` int(10) NOT NULL,
  `firstName` varchar(255) NOT NULL,
  `lastName` varchar(255) NOT NULL,
  `otherName` varchar(255) NOT NULL,
  `admissionNumber` varchar(255) NOT NULL,
  `password` varchar(50) NOT NULL,
  `classId` varchar(10) NOT NULL,
  `classArmId` varchar(10) NOT NULL,
  `schoolId` varchar(10) NOT NULL,
  `dateCreated` varchar(50) NOT NULL
) ENGINE=InnoDB DEFAULT CHARSET=latin1 COLLATE=latin1_swedish_ci;

--
-- Dumping data for table `tblstudents`
--

INSERT INTO `tblstudents` (`Id`, `firstName`, `lastName`, `otherName`, `admissionNumber`, `password`, `classId`, `classArmId`, `schoolId`, `dateCreated`) VALUES
(1, 'Thomas', 'Omari', 'none', 'AMS005', '12345', '1', '2', '1', '2022-10-31'),
(3, 'Samuel', 'Ondieki', 'none', 'AMS007', '12345', '1', '2', '1', '2022-10-31'),
(4, 'Milagros', 'Oloo', 'none', 'AMS011', '12345', '1', '2', '1', '2022-10-31'),
(5, 'Luis', 'Ayo', 'none', 'AMS012', '12345', '1', '4', '1', '2022-10-31'),
(6, 'Sandra', 'Sagero', 'none', 'AMS015', '12345', '1', '4', '1', '2022-10-31'),
(7, 'Smith', 'Makori', 'Mack', 'AMS017', '12345', '1', '4', '1', '2022-10-31'),
(8, 'Juliana', 'Kerubo', 'none', 'AMS019', '12345', '3', '5', '1', '2022-10-31'),
(9, 'Richard', 'Semo', 'none', 'AMS021', '12345', '3', '5', '1', '2022-10-31'),
(10, 'Jon', 'Mbeeka', 'none', 'AMS110', '12345', '4', '6', '1', '2022-10-07'),
(11, 'Aida', 'Moraa', 'none', 'AMS133', '12345', '4', '6', '1', '2022-10-07'),
(12, 'Miguel', 'Bush', 'none', 'AMS135', '12345', '4', '6', '1', '2022-10-07'),
(13, 'Sergio', 'Hammons', 'none', 'AMS144', '12345', '4', '6', '1', '2022-10-07'),
(14, 'Lyn', 'Rogers', 'none', 'AMS148', '12345', '4', '6', '1', '2022-10-07'),
(15, 'James', 'Dominick', 'none', 'AMS151', '12345', '4', '6', '1', '2022-10-07'),
(16, 'Ethel', 'Quin', 'none', 'AMS159', '12345', '4', '6', '1', '2022-10-07'),
(17, 'Roland', 'Estrada', 'none', 'AMS161', '12345', '4', '6', '1', '2022-10-07'),
(18, 'Oscar', 'Seidu', '', '74783r2r32', '12345', '5', '8', '', '2025-04-07'),
(19, 'Oscar', 'Seidu', '', '74783r2r32', '12345', '5', '9', '', '2025-04-07'),
(22, '', '', '', '', '12345', '', '', '', ''),
(23, '', '', '', '', '12345', '', '', '', ''),
(24, '', '', '', '', '12345', '', '', '', ''),
(25, '', '', '', '', '12345', '', '', '', ''),
(26, '', '', '', '', '12345', '', '', '', ''),
(27, '', '', '', '', '12345', '', '', '', ''),
(28, '', '', '', '', '12345', '', '', '', ''),
(29, '', '', '', '', '12345', '', '', '', ''),
(30, '', '', '', '', '12345', '', '', '', ''),
(31, '', '', '', '', '12345', '', '', '', ''),
(32, '', '', '', '', '12345', '', '', '', ''),
(33, '', '', '', '', '12345', '', '', '', ''),
(34, '', '', '', '', '12345', '', '', '', ''),
(35, '', '', '', '', '12345', '', '', '', ''),
(36, '', '', '', '', '12345', '', '', '', ''),
(37, '', '', '', '', '12345', '', '', '', ''),
(38, '', '', '', '', '12345', '', '', '', ''),
(39, '', '', '', '', '12345', '', '', '', ''),
(40, '', '', '', '', '12345', '', '', '', ''),
(41, '', '', '', '', '12345', '', '', '', ''),
(42, '', '', '', '', '12345', '', '', '', ''),
(43, '', '', '', '', '12345', '', '', '', ''),
(44, '', '', '', '', '12345', '', '', '', ''),
(45, '', '', '', '', '12345', '', '', '', ''),
(46, '', '', '', '', '12345', '', '', '', ''),
(47, '', '', '', '', '12345', '', '', '', ''),
(48, '', '', '', '', '12345', '', '', '', ''),
(49, '', '', '', '', '12345', '', '', '', ''),
(50, '', '', '', '', '12345', '', '', '', ''),
(51, '', '', '', '', '12345', '', '', '', ''),
(52, '', '', '', '', '12345', '', '', '', ''),
(53, '', '', '', '', '12345', '', '', '', ''),
(54, '', '', '', '', '12345', '', '', '', ''),
(55, '', '', '', '', '12345', '', '', '', ''),
(56, '', '', '', '', '12345', '', '', '', ''),
(57, '', '', '', '', '12345', '', '', '', ''),
(58, '', '', '', '', '12345', '', '', '', ''),
(59, '', '', '', '', '12345', '', '', '', ''),
(60, '', '', '', '', '12345', '', '', '', ''),
(61, '', '', '', '', '12345', '', '', '', ''),
(62, '', '', '', '', '12345', '', '', '', ''),
(63, '', '', '', '', '12345', '', '', '', ''),
(64, '', '', '', '', '12345', '', '', '', ''),
(65, '', '', '', '', '12345', '', '', '', ''),
(66, '', '', '', '', '12345', '', '', '', ''),
(67, '', '', '', '', '12345', '', '', '', ''),
(68, '', '', '', '', '12345', '', '', '', ''),
(69, '', '', '', '', '12345', '', '', '', ''),
(70, '', '', '', '', '12345', '', '', '', ''),
(71, '', '', '', '', '12345', '', '', '', ''),
(72, '', '', '', '', '12345', '', '', '', ''),
(73, '', '', '', '', '12345', '', '', '', ''),
(74, '', '', '', '', '12345', '', '', '', ''),
(75, '', '', '', '', '12345', '', '', '', ''),
(76, '', '', '', '', '12345', '', '', '', ''),
(77, '', '', '', '', '12345', '', '', '', ''),
(78, '', '', '', '', '12345', '', '', '', ''),
(79, '', '', '', '', '12345', '', '', '', ''),
(80, '', '', '', '', '12345', '', '', '', ''),
(81, '', '', '', '', '12345', '', '', '', ''),
(82, '', '', '', '', '12345', '', '', '', ''),
(83, '', '', '', '', '12345', '', '', '', ''),
(84, '', '', '', '', '12345', '', '', '', ''),
(85, '', '', '', '', '12345', '', '', '', ''),
(86, '', '', '', '', '12345', '', '', '', ''),
(87, '', '', '', '', '12345', '', '', '', ''),
(88, '', '', '', '', '12345', '', '', '', ''),
(89, '', '', '', '', '12345', '', '', '', ''),
(90, '', '', '', '', '12345', '', '', '', ''),
(91, '', '', '', '', '12345', '', '', '', ''),
(92, '', '', '', '', '12345', '', '', '', ''),
(93, '', '', '', '', '12345', '', '', '', ''),
(94, '', '', '', '', '12345', '', '', '', ''),
(95, '', '', '', '', '12345', '', '', '', ''),
(96, '', '', '', '', '12345', '', '', '', ''),
(97, '', '', '', '', '12345', '', '', '', ''),
(98, '', '', '', '', '12345', '', '', '', ''),
(99, '', '', '', '', '12345', '', '', '', ''),
(100, '', '', '', '', '12345', '', '', '', ''),
(101, '', '', '', '', '12345', '', '', '', ''),
(102, '', '', '', '', '12345', '', '', '', ''),
(103, '', '', '', '', '12345', '', '', '', ''),
(104, '', '', '', '', '12345', '', '', '', ''),
(105, '', '', '', '', '12345', '', '', '', ''),
(106, '', '', '', '', '12345', '', '', '', ''),
(107, '', '', '', '', '12345', '', '', '', ''),
(108, '', '', '', '', '12345', '', '', '', ''),
(109, '', '', '', '', '12345', '', '', '', ''),
(110, '', '', '', '', '12345', '', '', '', ''),
(111, '', '', '', '', '12345', '', '', '', ''),
(112, '', '', '', '', '12345', '', '', '', ''),
(113, '', '', '', '', '12345', '', '', '', ''),
(114, '', '', '', '', '12345', '', '', '', ''),
(115, '', '', '', '', '12345', '', '', '', ''),
(116, '', '', '', '', '12345', '', '', '', ''),
(117, '', '', '', '', '12345', '', '', '', ''),
(118, '', '', '', '', '12345', '', '', '', ''),
(119, '', '', '', '', '12345', '', '', '', ''),
(120, '', '', '', '', '12345', '', '', '', ''),
(121, '', '', '', '', '12345', '', '', '', ''),
(122, '', '', '', '', '12345', '', '', '', ''),
(123, '', '', '', '', '12345', '', '', '', ''),
(124, '', '', '', '', '12345', '', '', '', ''),
(125, '', '', '', '', '12345', '', '', '', ''),
(126, '', '', '', '', '12345', '', '', '', ''),
(127, '', '', '', '', '12345', '', '', '', ''),
(128, '', '', '', '', '12345', '', '', '', ''),
(129, '', '', '', '', '12345', '', '', '', ''),
(130, '', '', '', '', '12345', '', '', '', ''),
(131, '', '', '', '', '12345', '', '', '', ''),
(132, '', '', '', '', '12345', '', '', '', ''),
(133, '', '', '', '', '12345', '', '', '', ''),
(134, '', '', '', '', '12345', '', '', '', ''),
(135, '', '', '', '', '12345', '', '', '', ''),
(136, '', '', '', '', '12345', '', '', '', ''),
(137, '', '', '', '', '12345', '', '', '', ''),
(138, '', '', '', '', '12345', '', '', '', ''),
(139, '', '', '', '', '12345', '', '', '', ''),
(140, '', '', '', '', '12345', '', '', '', ''),
(141, '', '', '', '', '12345', '', '', '', ''),
(142, '', '', '', '', '12345', '', '', '', ''),
(143, '', '', '', '', '12345', '', '', '', ''),
(144, '', '', '', '', '12345', '', '', '', ''),
(145, '', '', '', '', '12345', '', '', '', ''),
(146, '', '', '', '', '12345', '', '', '', ''),
(147, '', '', '', '', '12345', '', '', '', ''),
(148, '', '', '', '', '12345', '', '', '', ''),
(149, '', '', '', '', '12345', '', '', '', ''),
(150, '', '', '', '', '12345', '', '', '', ''),
(151, '', '', '', '', '12345', '', '', '', ''),
(152, '', '', '', '', '12345', '', '', '', ''),
(153, '', '', '', '', '12345', '', '', '', ''),
(154, '', '', '', '', '12345', '', '', '', ''),
(155, '', '', '', '', '12345', '', '', '', ''),
(156, '', '', '', '', '12345', '', '', '', ''),
(157, '', '', '', '', '12345', '', '', '', ''),
(158, '', '', '', '', '12345', '', '', '', ''),
(159, '', '', '', '', '12345', '', '', '', ''),
(160, '', '', '', '', '12345', '', '', '', ''),
(161, '', '', '', '', '12345', '', '', '', ''),
(162, '', '', '', '', '12345', '', '', '', ''),
(163, '', '', '', '', '12345', '', '', '', ''),
(164, '', '', '', '', '12345', '', '', '', ''),
(165, '', '', '', '', '12345', '', '', '', ''),
(166, '', '', '', '', '12345', '', '', '', ''),
(167, '', '', '', '', '12345', '', '', '', ''),
(168, '', '', '', '', '12345', '', '', '', ''),
(169, '', '', '', '', '12345', '', '', '', ''),
(170, '', '', '', '', '12345', '', '', '', ''),
(171, '', '', '', '', '12345', '', '', '', ''),
(172, '', '', '', '', '12345', '', '', '', ''),
(173, '', '', '', '', '12345', '', '', '', ''),
(174, '', '', '', '', '12345', '', '', '', ''),
(175, '', '', '', '', '12345', '', '', '', ''),
(176, '', '', '', '', '12345', '', '', '', ''),
(177, '', '', '', '', '12345', '', '', '', ''),
(178, '', '', '', '', '12345', '', '', '', ''),
(179, '', '', '', '', '12345', '', '', '', ''),
(180, '', '', '', '', '12345', '', '', '', ''),
(181, '', '', '', '', '12345', '', '', '', ''),
(182, '', '', '', '', '12345', '', '', '', ''),
(183, '', '', '', '', '12345', '', '', '', ''),
(184, '', '', '', '', '12345', '', '', '', ''),
(185, '', '', '', '', '12345', '', '', '', ''),
(186, '', '', '', '', '12345', '', '', '', ''),
(187, '', '', '', '', '12345', '', '', '', ''),
(188, '', '', '', '', '12345', '', '', '', ''),
(189, '', '', '', '', '12345', '', '', '', ''),
(190, '', '', '', '', '12345', '', '', '', ''),
(191, '', '', '', '', '12345', '', '', '', ''),
(192, '', '', '', '', '12345', '', '', '', ''),
(193, '', '', '', '', '12345', '', '', '', ''),
(194, '', '', '', '', '12345', '', '', '', ''),
(195, '', '', '', '', '12345', '', '', '', ''),
(196, '', '', '', '', '12345', '', '', '', ''),
(197, '', '', '', '', '12345', '', '', '', ''),
(198, '', '', '', '', '12345', '', '', '', ''),
(199, '', '', '', '', '12345', '', '', '', ''),
(200, '', '', '', '', '12345', '', '', '', ''),
(201, '', '', '', '', '12345', '', '', '', ''),
(202, '', '', '', '', '12345', '', '', '', ''),
(203, '', '', '', '', '12345', '', '', '', ''),
(204, '', '', '', '', '12345', '', '', '', ''),
(205, '', '', '', '', '12345', '', '', '', ''),
(206, '', '', '', '', '12345', '', '', '', ''),
(207, '', '', '', '', '12345', '', '', '', ''),
(208, '', '', '', '', '12345', '', '', '', ''),
(209, '', '', '', '', '12345', '', '', '', ''),
(210, '', '', '', '', '12345', '', '', '', ''),
(211, '', '', '', '', '12345', '', '', '', ''),
(212, '', '', '', '', '12345', '', '', '', ''),
(213, '', '', '', '', '12345', '', '', '', ''),
(214, '', '', '', '', '12345', '', '', '', ''),
(215, '', '', '', '', '12345', '', '', '', ''),
(216, '', '', '', '', '12345', '', '', '', ''),
(217, '', '', '', '', '12345', '', '', '', ''),
(218, '', '', '', '', '12345', '', '', '', ''),
(219, '', '', '', '', '12345', '', '', '', ''),
(220, '', '', '', '', '12345', '', '', '', ''),
(221, '', '', '', '', '12345', '', '', '', ''),
(222, '', '', '', '', '12345', '', '', '', ''),
(223, '', '', '', '', '12345', '', '', '', ''),
(224, '', '', '', '', '12345', '', '', '', ''),
(225, '', '', '', '', '12345', '', '', '', ''),
(226, '', '', '', '', '12345', '', '', '', ''),
(227, '', '', '', '', '12345', '', '', '', ''),
(228, '', '', '', '', '12345', '', '', '', ''),
(229, '', '', '', '', '12345', '', '', '', ''),
(230, '', '', '', '', '12345', '', '', '', ''),
(231, '', '', '', '', '12345', '', '', '', ''),
(232, '', '', '', '', '12345', '', '', '', ''),
(233, '', '', '', '', '12345', '', '', '', ''),
(234, '', '', '', '', '12345', '', '', '', ''),
(235, '', '', '', '', '12345', '', '', '', ''),
(236, '', '', '', '', '12345', '', '', '', ''),
(237, '', '', '', '', '12345', '', '', '', ''),
(238, '', '', '', '', '12345', '', '', '', ''),
(239, '', '', '', '', '12345', '', '', '', ''),
(240, '', '', '', '', '12345', '', '', '', ''),
(241, '', '', '', '', '12345', '', '', '', ''),
(242, '', '', '', '', '12345', '', '', '', ''),
(243, '', '', '', '', '12345', '', '', '', ''),
(244, '', '', '', '', '12345', '', '', '', ''),
(245, '', '', '', '', '12345', '', '', '', ''),
(246, '', '', '', '', '12345', '', '', '', ''),
(247, '', '', '', '', '12345', '', '', '', ''),
(248, '', '', '', '', '12345', '', '', '', ''),
(249, '', '', '', '', '12345', '', '', '', ''),
(250, '', '', '', '', '12345', '', '', '', ''),
(251, '', '', '', '', '12345', '', '', '', ''),
(252, '', '', '', '', '12345', '', '', '', ''),
(253, '', '', '', '', '12345', '', '', '', ''),
(254, '', '', '', '', '12345', '', '', '', ''),
(255, '', '', '', '', '12345', '', '', '', ''),
(256, '', '', '', '', '12345', '', '', '', ''),
(257, '', '', '', '', '12345', '', '', '', ''),
(258, '', '', '', '', '12345', '', '', '', ''),
(259, '', '', '', '', '12345', '', '', '', ''),
(260, '', '', '', '', '12345', '', '', '', ''),
(261, '', '', '', '', '12345', '', '', '', ''),
(262, '', '', '', '', '12345', '', '', '', ''),
(263, '', '', '', '', '12345', '', '', '', ''),
(264, '', '', '', '', '12345', '', '', '', ''),
(265, '', '', '', '', '12345', '', '', '', ''),
(266, '', '', '', '', '12345', '', '', '', ''),
(267, '', '', '', '', '12345', '', '', '', ''),
(268, '', '', '', '', '12345', '', '', '', ''),
(269, '', '', '', '', '12345', '', '', '', ''),
(270, '', '', '', '', '12345', '', '', '', ''),
(271, '', '', '', '', '12345', '', '', '', ''),
(272, '', '', '', '', '12345', '', '', '', ''),
(273, '', '', '', '', '12345', '', '', '', ''),
(274, '', '', '', '', '12345', '', '', '', ''),
(275, '', '', '', '', '12345', '', '', '', ''),
(276, '', '', '', '', '12345', '', '', '', ''),
(277, '', '', '', '', '12345', '', '', '', ''),
(278, '', '', '', '', '12345', '', '', '', ''),
(279, '', '', '', '', '12345', '', '', '', ''),
(280, '', '', '', '', '12345', '', '', '', ''),
(281, '', '', '', '', '12345', '', '', '', ''),
(282, '', '', '', '', '12345', '', '', '', ''),
(283, '', '', '', '', '12345', '', '', '', ''),
(284, '', '', '', '', '12345', '', '', '', ''),
(285, '', '', '', '', '12345', '', '', '', ''),
(286, '', '', '', '', '12345', '', '', '', ''),
(287, '', '', '', '', '12345', '', '', '', ''),
(288, '', '', '', '', '12345', '', '', '', ''),
(289, '', '', '', '', '12345', '', '', '', ''),
(290, '', '', '', '', '12345', '', '', '', ''),
(291, '', '', '', '', '12345', '', '', '', ''),
(292, '', '', '', '', '12345', '', '', '', ''),
(293, '', '', '', '', '12345', '', '', '', ''),
(294, '', '', '', '', '12345', '', '', '', ''),
(295, '', '', '', '', '12345', '', '', '', ''),
(296, '', '', '', '', '12345', '', '', '', ''),
(297, '', '', '', '', '12345', '', '', '', ''),
(298, '', '', '', '', '12345', '', '', '', ''),
(299, '', '', '', '', '12345', '', '', '', ''),
(300, '', '', '', '', '12345', '', '', '', ''),
(301, '', '', '', '', '12345', '', '', '', ''),
(302, '', '', '', '', '12345', '', '', '', ''),
(303, '', '', '', '', '12345', '', '', '', ''),
(304, '', '', '', '', '12345', '', '', '', ''),
(305, '', '', '', '', '12345', '', '', '', ''),
(306, '', '', '', '', '12345', '', '', '', ''),
(307, '', '', '', '', '12345', '', '', '', ''),
(308, '', '', '', '', '12345', '', '', '', ''),
(309, '', '', '', '', '12345', '', '', '', ''),
(310, '', '', '', '', '12345', '', '', '', ''),
(311, '', '', '', '', '12345', '', '', '', ''),
(312, '', '', '', '', '12345', '', '', '', ''),
(313, '', '', '', '', '12345', '', '', '', ''),
(314, '', '', '', '', '12345', '', '', '', ''),
(315, '', '', '', '', '12345', '', '', '', ''),
(316, '', '', '', '', '12345', '', '', '', ''),
(317, '', '', '', '', '12345', '', '', '', ''),
(318, '', '', '', '', '12345', '', '', '', ''),
(319, '', '', '', '', '12345', '', '', '', ''),
(320, '', '', '', '', '12345', '', '', '', ''),
(321, '', '', '', '', '12345', '', '', '', ''),
(322, '', '', '', '', '12345', '', '', '', ''),
(323, '', '', '', '', '12345', '', '', '', ''),
(324, '', '', '', '', '12345', '', '', '', ''),
(325, '', '', '', '', '12345', '', '', '', ''),
(326, '', '', '', '', '12345', '', '', '', ''),
(327, '', '', '', '', '12345', '', '', '', ''),
(328, '', '', '', '', '12345', '', '', '', ''),
(329, '', '', '', '', '12345', '', '', '', ''),
(330, '', '', '', '', '12345', '', '', '', ''),
(331, '', '', '', '', '12345', '', '', '', ''),
(332, '', '', '', '', '12345', '', '', '', ''),
(333, '', '', '', '', '12345', '', '', '', ''),
(334, '', '', '', '', '12345', '', '', '', ''),
(335, '', '', '', '', '12345', '', '', '', ''),
(336, '', '', '', '', '12345', '', '', '', ''),
(337, '', '', '', '', '12345', '', '', '', ''),
(338, '', '', '', '', '12345', '', '', '', ''),
(339, '', '', '', '', '12345', '', '', '', ''),
(340, '', '', '', '', '12345', '', '', '', ''),
(341, '', '', '', '', '12345', '', '', '', '');

--
-- Indexes for dumped tables
--

--
-- Indexes for table `tbladmin`
--
ALTER TABLE `tbladmin`
  ADD PRIMARY KEY (`Id`);

--
-- Indexes for table `tblattendance`
--
ALTER TABLE `tblattendance`
  ADD PRIMARY KEY (`Id`);

--
-- Indexes for table `tblclass`
--
ALTER TABLE `tblclass`
  ADD PRIMARY KEY (`Id`);

--
-- Indexes for table `tblclassarms`
--
ALTER TABLE `tblclassarms`
  ADD PRIMARY KEY (`Id`);

--
-- Indexes for table `tblcourselecturers`
--
ALTER TABLE `tblcourselecturers`
  ADD PRIMARY KEY (`Id`);

--
-- Indexes for table `tblcourses`
--
ALTER TABLE `tblcourses`
  ADD PRIMARY KEY (`Id`);

--
-- Indexes for table `tblmoderator`
--
ALTER TABLE `tblmoderator`
  ADD PRIMARY KEY (`Id`);

--
-- Indexes for table `tblschool`
--
ALTER TABLE `tblschool`
  ADD PRIMARY KEY (`Id`);

--
-- Indexes for table `tblstudents`
--
ALTER TABLE `tblstudents`
  ADD PRIMARY KEY (`Id`);

--
-- AUTO_INCREMENT for dumped tables
--

--
-- AUTO_INCREMENT for table `tbladmin`
--
ALTER TABLE `tbladmin`
  MODIFY `Id` int(10) NOT NULL AUTO_INCREMENT, AUTO_INCREMENT=2;

--
-- AUTO_INCREMENT for table `tblattendance`
--
ALTER TABLE `tblattendance`
  MODIFY `Id` int(10) NOT NULL AUTO_INCREMENT, AUTO_INCREMENT=205;

--
-- AUTO_INCREMENT for table `tblclass`
--
ALTER TABLE `tblclass`
  MODIFY `Id` int(10) NOT NULL AUTO_INCREMENT, AUTO_INCREMENT=6;

--
-- AUTO_INCREMENT for table `tblclassarms`
--
ALTER TABLE `tblclassarms`
  MODIFY `Id` int(10) NOT NULL AUTO_INCREMENT, AUTO_INCREMENT=11;

--
-- AUTO_INCREMENT for table `tblcourselecturers`
--
ALTER TABLE `tblcourselecturers`
  MODIFY `Id` int(10) NOT NULL AUTO_INCREMENT, AUTO_INCREMENT=5;

--
-- AUTO_INCREMENT for table `tblcourses`
--
ALTER TABLE `tblcourses`
  MODIFY `Id` int(10) NOT NULL AUTO_INCREMENT, AUTO_INCREMENT=5;

--
-- AUTO_INCREMENT for table `tblmoderator`
--
ALTER TABLE `tblmoderator`
  MODIFY `Id` int(10) NOT NULL AUTO_INCREMENT, AUTO_INCREMENT=22;

--
-- AUTO_INCREMENT for table `tblschool`
--
ALTER TABLE `tblschool`
  MODIFY `Id` int(10) NOT NULL AUTO_INCREMENT, AUTO_INCREMENT=3;

--
-- AUTO_INCREMENT for table `tblstudents`
--
ALTER TABLE `tblstudents`
  MODIFY `Id` int(10) NOT NULL AUTO_INCREMENT, AUTO_INCREMENT=342;
COMMIT;

/*!40101 SET CHARACTER_SET_CLIENT=@OLD_CHARACTER_SET_CLIENT */;
/*!40101 SET CHARACTER_SET_RESULTS=@OLD_CHARACTER_SET_RESULTS */;
/*!40101 SET COLLATION_CONNECTION=@OLD_COLLATION_CONNECTION */;
